SauceNao 4,https://danbooru.donmai.us/post/show/3946626
SauceNao 4,https://danbooru.donmai.us/post/show/3950144
SauceNao 4,https://deviantart.com/view/887341256
SauceNao 4,https://deviantart.com/view/978824849
SauceNao 4,https://deviantart.com/view/869418881
SauceNao 4,https://deviantart.com/view/887345610
SauceNao 4,
SauceNao 4,https://anime-pictures.net/pictures/view_post/648837
Ascii2D 5,
Ascii2D 5,https://twitter.com/busujiujitsu/status/1644213080111579136
Ascii2D 5,https://twitter.com/oze_mi/status/1227836033313624064
Ascii2D 5,https://www.pixiv.net/artworks/77226736
Ascii2D 5,https://www.pixiv.net/artworks/99695581
Ascii2D 5,https://www.pixiv.net/artworks/53808146
Ascii2D 5,https://twitter.com/Zz_uxu_/status/1520316039040761856
Ascii2D 5,https://twitter.com/steelballrunner/status/777458760612577281
Ascii2D 5,https://www.pixiv.net/artworks/105061308
Ascii2D 5,https://twitter.com/hayashi_rice4/status/800992187861188608
Ascii2D 5,https://twitter.com/FGOarchar/status/808738577068662784
Ascii2D 5,https://twitter.com/UBISOFT_JAPAN/status/917932788791238657
Ascii2D 5,https://twitter.com/mochipaipai/status/1401299038641831940
Ascii2D 5,https://twitter.com/antch/status/884322567359680512
Ascii2D 5,https://twitter.com/thoma056/status/1010509971295854592
Ascii2D 5,https://twitter.com/kakage0904/status/1116994948463640576
trace.moe 6,https://anilist.co/anime/866
trace.moe 6,https://anilist.co/anime/8525
trace.moe 6,https://anilist.co/anime/21557
trace.moe 6,https://anilist.co/anime/3908
trace.moe 6,https://anilist.co/anime/21557
trace.moe 6,https://anilist.co/anime/142598
trace.moe 6,https://anilist.co/anime/142598
trace.moe 6,https://anilist.co/anime/142598
trace.moe 6,https://anilist.co/anime/142598
trace.moe 6,https://anilist.co/anime/142598
